{
    "averge_document_length": {
        "stars": 35.35400907715582,
        "genres": 2.691376701966717,
        "summaries": 371.54765506807865
    },
    "document_count": 661
}