{
    "averge_document_length": {
        "stars": 36.801815431164904,
        "genres": 2.691376701966717,
        "summaries": 371.54765506807865
    },
    "document_count": 661
}